font_size,font_is_bold,norm_x0,norm_y0,word_count,char_count,uppercase_ratio,ends_with_punctuation,numbering_pattern,node_degree,avg_neighbor_distance,font_size_ratio,bold_vs_neighbors,space_above,indentation_vs_below,page_idx,node_idx,text_snippet,Unnamed: 18,Unnamed: 19,Unnamed: 20,Unnamed: 21,label_x,label_y,label
11.67000008,0,0.335899161,0.125983802,7,41,0.097560976,0,0,4,171.4700326,1.19761094,0,0.0,-129.840004,1,0,Application form for grant of LTC advance ,,,,,title,title,
9.744400024,0,0.117680667,0.15794831,6,33,0.090909091,0,0,5,83.23630501,0.961980429,0,26.91411591,0.0,1,1,1,,,,,body,body,
9.744400024,0,0.117680667,0.179392962,2,14,0.071428571,0,0,4,45.84918601,1.0,0,18.05639648,0.0,1,2,2,,,,,body,body,
9.744400024,0,0.117680667,0.214875554,1,2,0.0,1,0,4,53.9050718,1.0,0,29.87634277,0.0,1,3,3,,,,,body,body,
9.744400024,0,0.161342127,0.200907057,6,39,0.076923077,0,0,5,83.07601983,0.961980429,0,36.17126465,0.0,1,4,Date of entering the Central Government ,,,,,body,body,
9.744400024,0,0.161342127,0.221784632,1,7,0.142857143,0,0,5,43.7152362,1.0,0,5.817443848,-25.97856903,1,5,Service ,,,,,body,body,
9.744400024,0,0.117680667,0.243298655,6,17,0.470588235,0,0,6,53.54819923,1.0,0,18.11480713,0.0,1,6,4,,,,,body,body,
9.744400024,0,0.117680667,0.264743307,5,33,0.03030303,0,0,6,48.42435744,1.0,0,18.05639648,25.97856903,1,7,5,,,,,body,body,
9.744400024,0,0.117680667,0.286338371,9,44,0.090909091,0,0,6,67.5003313,0.968114981,0,18.18304443,25.97856903,1,8,6,,,,,body,body,
9.744400024,0,0.117680667,0.314773088,1,2,0.0,1,0,4,70.04842059,1.0,0,60.18147278,25.97856903,1,9,7,,,,,body,body,
9.744400024,0,0.161342127,0.300804573,8,41,0.024390244,0,0,7,68.28459877,0.972544926,0,12.18054199,0.0,1,10,Whether wife / husband is employed and if ,,,,,body,body,
9.744400024,0,0.161342127,0.321682167,5,26,0.115384615,0,0,8,56.48090286,1.0,0,5.817443848,0.0,1,11,so whether entitled to LTC ,,,,,body,body,
9.744400024,0,0.117680667,0.36764983,1,2,0.0,1,0,4,62.9392153,1.0,0,38.70477295,25.97856903,1,12,8,,,,,body,body,
9.744400024,0,0.161342127,0.343207787,8,43,0.023255814,0,0,5,40.48932721,1.0,0,18.12457275,0.0,1,13,Whether the concession is to be availed for ,,,,,body,body,
9.744400024,0,0.161342127,0.364085363,9,44,0.0,0,0,5,43.82842226,1.0,0,17.57891846,0.0,1,14,visiting home town and if so block for which ,,,,,body,body,
9.744400024,0,0.161342127,0.385032309,5,21,0.142857143,1,0,6,58.88197304,1.0,0,14.63604736,-25.97856903,1,15,LTC is to be availed. ,,,,,body,body,
9.744400024,0,0.117680667,0.430918931,1,2,0.0,1,0,4,66.61255157,1.0,0,2.942810059,25.97856903,1,16,9,,,,,body,body,
9.744400024,0,0.161342127,0.406476961,9,45,0.022222222,0,0,6,47.44784476,1.0,0,18.05639648,0.0,1,17,(a) If the concession is to visit anywhere in ,,,,,body,body,
9.744400024,0,0.161342127,0.427423908,6,31,0.032258065,1,0,6,49.81745173,1.0,0,17.6373291,0.0,1,18,"India, the place to be visited. ",,,,,body,body,
9.744400024,0,0.161342127,0.448301483,7,34,0.029411765,1,0,7,56.55112924,1.0,0,17.57891846,0.0,1,19,(b) Block for which to be availed. ,,,,,body,body,
9.744400024,0,0.117680667,0.494269074,1,3,0.0,1,0,5,81.70371656,1.0,0,38.70471191,33.60839081,1,20,10,,,,,body,body,
9.744400024,0,0.161342127,0.469827104,6,34,0.029411765,0,0,6,48.33459517,1.0,0,18.12457275,0.0,1,21,Single ,,,,,body,body,
9.744400024,0,0.161342127,0.490704607,7,43,0.0,0,0,6,61.8910257,1.0,0,17.57885742,0.0,1,22,headquarters to home town/place of visit by ,,,,,body,body,
9.744400024,0,0.161342127,0.511582182,2,15,0.0,1,0,6,75.68266923,1.0,0,14.57763672,7.629821777,1,23,shortest route. ,,,,,body,body,
9.744400024,0,0.117680667,0.592175989,1,3,0.0,1,0,5,105.6735997,1.0,0,67.85998535,0.019432068,1,24,11,,,,,body,body,
9.744400024,0,0.161342127,0.533177247,11,57,0.070175439,1,0,6,97.36691655,1.0,0,35.76196289,-25.96890259,1,25,Persons in respect of whom LTC is proposed to be a,,,,,body,body,
9.744400024,0,0.161342127,0.5511384,8,38,0.131578947,1,0,6,148.4172209,1.0,0,15.12329102,307.04599,1,26,S.No ,,,,,body,body,
9.744400024,0,0.174165357,0.628804331,2,5,0.0,1,0,5,102.7919885,1.0,0,30.84106445,-33.58895874,1,27,5,,,,,body,body,
9.744400024,0,0.117696964,0.666427866,6,35,0.057142857,1,0,8,153.8695492,1.0,0,31.67901611,333.0148621,1,28,12. Amount of advance required. ,,,,,body,body,
9.744400024,0,0.117696913,0.708831062,35,199,0.010050251,1,0,5,130.7511014,1.0,0,35.70349121,333.0148926,1,29,I declare that the particulars furnished above are,,,,,body,body,
9.744400024,0,0.117713326,0.750667182,34,176,0.017045455,1,0,5,149.779785,1.0,0,35.22601318,0.0,1,30,In the event of cancellation of the journey or if ,,,,,body,body,
9.744400024,0,0.117713326,0.806390758,1,4,0.25,0,0,4,182.3003206,1.0,0,46.91925049,0.0,1,31,Date ,,,,,body,body,
9.744400024,0,0.677385808,0.820359327,4,32,0.09375,1,0,4,239.0706354,1.0,0,58.68078613,0.0,1,32,Signature of Government Servant. ,,,,,body,body,
24.0,0,0.4128267874125562,0.2394192242863202,1,8,0.125,0,0,4,243.93808125080872,1.5009380854087515,0,0.0,-181.70599365234372,1,0,Overview ,,,,,,,title
24.0,0,0.2276895311143663,0.3091464957805595,3,27,0.1111111111111111,0,0,4,202.5581604708211,1.5009380854087515,0,55.2239990234375,-68.40199279785156,1,1,Foundation Level Extensions ,,,,,,,title
12.0,0,0.4504738601983762,0.4828661909007062,2,11,0.0909090909090909,0,0,4,169.93539887945468,0.6319115320681212,0,137.58599853515625,-204.7460021972656,1,2,Version 1.0 ,,,,,,,body
18.0,0,0.1688562031664879,0.5880050273856732,5,51,0.0980392156862745,0,0,4,191.7945132885234,1.0291595191643894,0,83.26995849609375,-32.39599609375,1,3,International Software Testing Qualifications Boar,,,,,,,body
9.960000038146973,0,0.1159215690263735,0.8235936791005761,18,110,0.0272727272727272,1,0,4,333.66462331148176,0.5107692327254858,0,186.58621215820312,0.0,1,4,Copyright Notice ,,,,,,,body
10.251428604125977,0,0.1216078490213631,0.0487704710526899,11,96,0.1041666666666666,0,0,4,413.7123684951531,1.1428571428571428,0,0.0,2.159996032714844,2,0,International ,,,,,,,body
9.960000038146973,0,0.8064506381165748,0.0778613524003462,1,5,0.2,0,0,4,475.7892836534701,1.10142180184754,0,23.03997802734375,-416.9637908935547,2,1,Board ,,,,,,,body
9.960000038146973,0,0.1159215690263735,0.1519775294294261,10,92,0.1195652173913043,1,0,4,384.44225232993006,1.10142180184754,0,58.70001220703125,5.6399993896484375,2,2,Copyright © International Software Testing Qualifi,,,,,,,body
9.960000038146973,0,0.1251329409530739,0.9074284717290088,9,38,0.0789473684210526,0,0,4,528.3689272846218,1.10142180184754,0,598.3171463012695,0.0026397705078125,2,3,Version 2014 ,,,,,,,body
6.0,0,0.1251372543035769,0.9304166851621686,6,53,0.0943396226415094,0,0,4,562.2499715792512,0.5980350255732696,0,18.2066650390625,0.0,2,4,© International Software Testing Qualifications Bo,,,,,,,body
9.960000038146973,0,0.7038398692810458,0.0778613524003462,2,20,0.1,0,0,4,354.4674336636367,0.8627111309318664,0,23.03997802734375,-354.16600036621094,3,0,Qualifications Board ,,,,,,,body
10.300000031789144,0,0.1216078490213631,0.0487704710526899,10,81,0.1111111111111111,0,0,5,370.4023432052133,0.9934413581666396,0,0.0,2.159996032714844,3,1,International ,,,,,,,body
15.960000038146973,0,0.1159215690263735,0.1375457108622849,2,16,0.125,0,0,5,388.3185924201598,1.7280207868784383,0,47.27001190185547,5.6399993896484375,3,2,Revision History ,,,,,,,heading
9.960000038146973,0,0.1216078490213631,0.1760684697314946,53,298,0.1174496644295302,0,0,5,326.9389976928825,0.9543886556376876,0,30.510025024414062,2.159996032714844,3,3,Version ,,,,,,,body
9.960000038146973,0,0.1251372543035769,0.9074337891858032,9,38,0.0789473684210526,0,0,5,535.8453901523362,0.9543886556376876,0,579.2413330078125,-5.6399993896484375,3,4,Version 2014 ,,,,,,,body
6.0,0,0.1251372543035769,0.9304166851621686,6,53,0.0943396226415094,0,0,4,514.9945260871125,0.5197054985708842,0,18.20245361328125,0.0,3,5,© International Software Testing Qualifications Bo,,,,,,,body
9.960000038146973,0,0.2480705859614353,0.1827350963245738,1,138,0.0,1,0,7,75.43323690596564,0.9958374143930968,0,83.06000518798828,341.7285919189453,4,0,..................................................,,,,,,,body
9.960000038146973,0,0.2570866603477328,0.2047049782492897,1,136,0.0,1,0,8,80.95567256833834,0.9963558414537204,0,17.400146484375,336.21075439453125,4,1,..................................................,,,,,,,body
9.960000038146973,0,0.5277318019492954,0.2268257526436237,1,76,0.0,1,0,6,92.22472618437727,1.0,0,17.5196533203125,170.575927734375,4,2,..................................................,,,,,,,body
9.960000038146973,0,0.586385141011157,0.2489465270379577,1,63,0.0,1,0,5,94.23505901201844,1.0,0,17.5196533203125,134.68008422851562,4,3,..................................................,,,,,,,body
9.960000038146973,0,0.3153494541941125,0.2712181939019097,6,677,0.0,1,0,7,82.34753413932005,1.0,0,17.63916015625,221.0821228027344,4,4,..................................................,,,,,,,body
9.960000038146973,0,0.6765947528913909,0.3658256916084675,1,41,0.0,1,0,4,116.71739116468146,1.0,0,74.92913818359375,-267.177001953125,4,5,......................................... ,,,,,,,body
9.960000038146973,0,0.2400310242098141,0.3880973584724195,2,246,0.0,1,0,7,54.984279554827104,1.0,0,17.63916015625,20.16900634765625,4,6,..................................................,,,,,,,body
9.960000038146973,0,0.2390545614404616,0.4244664510091145,1,138,0.0,1,0,5,29.897725850241663,1.0,0,28.8043212890625,-65.39736938476562,4,7,..................................................,,,,,,,body
9.960000038146973,0,0.2729869169347426,0.4467381178730666,2,229,0.0,1,0,6,157.37511355138986,1.0709677423765402,0,17.63916015625,-90.48399353027344,4,8,..................................................,,,,,,,body
10.251428604125977,0,0.1216078490213631,0.0487704710526899,11,96,0.1041666666666666,0,0,5,120.94492069563928,0.9185867893445048,0,0.0,-3.4800033569335938,4,9,International ,,,,,,,body
9.960000038146973,0,0.8064506381165748,0.0778613524003462,1,5,0.2,0,0,4,166.3168611457183,1.0,0,0.0,-336.21075439453125,4,10,Board ,,,,,,,body
15.960000038146973,0,0.1159215690263735,0.1375457108622849,3,17,0.1176470588235294,0,0,4,173.17526128088517,1.5907731718271014,0,70.30998992919922,-3.0517578125e-05,4,11,Table of Contents ,,,,,,,heading
9.960000038146973,0,0.1159215690263735,0.1827350963245738,3,18,0.1111111111111111,0,0,7,64.2800527314409,0.91723049201192,0,35.78999328613281,-3.0517578125e-05,4,12,Revision History ,,,,,,,body
9.960000038146973,0,0.1159215191610498,0.2047049782492897,4,19,0.1052631578947368,0,0,7,62.40594886942415,0.91723049201192,0,17.400146484375,0.0,4,13,Table of Contents ,,,,,,,body
9.960000038146973,0,0.1159215191610498,0.2268257526436237,8,52,0.0769230769230769,0,0,7,58.27511231578293,0.9207606975853034,0,17.5196533203125,9.959991455078123,4,14,1. ,,,,,,,body
9.960000038146973,0,0.1159215191610498,0.2489465270379577,9,60,0.1,0,0,5,45.04952837810876,1.0,0,17.5196533203125,3.0517578125e-05,4,15,2. ,,,,,,,body
9.960000038146973,0,0.1321960150026807,0.2712181939019097,27,164,0.0914634146341463,0,1,4,52.24062902099886,1.0,0,17.63916015625,-9.959991455078123,4,16,2.1 ,,,,,,,body
9.960000038146973,0,0.115937775256587,0.363964466133503,11,71,0.0985915492957746,0,0,5,45.91603776690427,1.0,0,73.45504760742188,-0.009918212890625,4,17,3. ,,,,,,,body
9.960000038146973,0,0.1321961147333282,0.3880973584724195,6,38,0.0789473684210526,0,1,5,31.08641397745656,1.0,0,19.113250732421875,0.0,4,18,3.1 ,,,,,,,body
9.960000038146973,0,0.1159215690263735,0.4244664510091145,3,16,0.0625,0,0,8,127.9439328912252,1.0522979400974897,0,28.8043212890625,5.6399993896484375,4,19,4. ,,,,,,,body
9.960000038146973,0,0.1321961147333282,0.4467381178730666,8,47,0.0851063829787234,0,1,6,151.7642813051215,1.0709677423765402,0,17.63916015625,-4.3200225830078125,4,20,4.1 ,,,,,,,body
9.960000038146973,0,0.1251655528747957,0.9074636131826074,9,38,0.0789473684210526,0,0,4,315.4203948084673,1.1103678936877472,0,364.89459228515625,-5.657318115234375,4,21,Version 2014 ,,,,,,,body
6.0,0,0.1251372543035769,0.9304166851621686,6,53,0.0943396226415094,0,0,4,355.4185515872524,0.6024096362469775,0,18.1788330078125,0.0,4,22,© International Software Testing Qualifications Bo,,,,,,,body
10.251428604125977,0,0.1216078490213631,0.0487704710526899,11,96,0.1041666666666666,0,0,5,155.64427282969862,0.9185867893445048,0,0.0,419.12378692626953,5,0,International ,,,,,,,body
9.960000038146973,0,0.8064506381165748,0.0778613524003462,1,5,0.2,0,0,4,233.46636486363792,0.9927381462538318,0,23.03997802734375,-422.6037902832031,5,1,Board ,,,,,,,body
15.960000038146973,0,0.1159215690263735,0.1375457108622849,1,16,0.0625,0,0,4,173.9713029034474,1.5907731718271014,0,70.30998992919922,0.0,5,2,Acknowledgements ,,,,,,,heading
9.960000038146973,0,0.1159215690263735,0.1828866053109217,18,129,0.0775193798449612,1,0,6,117.5207966053472,0.9047495462131696,0,35.90998840332031,0.0,5,3,This document was produced by a team from the Inte,,,,,,,body
9.960000038146973,0,0.1159215690263735,0.2263735376223169,17,104,0.048076923076923,1,0,7,118.88529378093138,0.91723049201192,0,34.441650390625,0.0,5,4,The Agile Extension team thanks the review team an,,,,,,,body
9.960000038146973,0,0.1159215690263735,0.2554612593217329,53,384,0.1015625,1,0,8,132.21371219123125,0.926819541694393,0,23.0374755859375,-3.0517578125e-05,5,5,At the time the Foundation Level Agile Extension S,,,,,,,body
9.960000038146973,0,0.1159215690263735,0.3280862365106139,24,165,0.1272727272727272,1,0,6,109.43651915823796,1.0,0,57.51898193359375,-3.0517578125e-05,5,6,"Authors: Rex Black, Anders Claesson, Gerry Coleman",,,,,,,body
9.960000038146973,0,0.1159215690263735,0.3715732073543047,41,340,0.1205882352941176,1,0,7,199.0729867769387,1.0602189784726876,0,34.441680908203125,5.6399993896484375,5,7,"Internal Reviewers: Mette Bruhn-Pedersen, Christop",,,,,,,body
9.960000038146973,0,0.1159215191610498,0.4441604614257812,141,991,0.1200807265388496,1,0,6,196.4590063778609,1.0709677423765402,0,57.489105224609375,5.6400299072265625,5,8,"The team thanks also the following persons, from t",,,,,,,body
9.960000038146973,0,0.1159215191610498,0.6039229498969184,18,102,0.088235294117647,1,0,5,199.87235662597504,1.086387435099592,0,126.53189086914062,5.6400299072265625,5,9,This document was formally approved for release by,,,,,,,body
9.960000038146973,0,0.1251329409530739,0.9075017601552636,9,38,0.0789473684210526,0,0,4,278.81536194150294,1.1103678936877472,0,240.43441772460935,-5.637359619140625,5,10,Version 2014 ,,,,,,,body
6.0,0,0.1251372543035769,0.9304166851621686,6,53,0.0943396226415094,0,0,4,316.77572175178864,0.6024096362469775,0,18.14862060546875,0.0,5,11,© International Software Testing Qualifications Bo,,,,,,,body
9.960000038146973,0,0.7038398692810458,0.0778613524003462,2,20,0.1,0,0,4,204.01282565800744,0.8627111309318664,0,23.03997802734375,-359.80601501464844,6,0,Qualifications Board ,,,,,,,body
10.300000031789144,0,0.1216078490213631,0.0487704710526899,10,81,0.1111111111111111,0,0,4,132.27312685114617,0.8987783592934966,0,0.0,-3.480018615722656,6,1,International ,,,,,,,body
15.960000038146973,0,0.1159215690263735,0.1552729558463048,7,50,0.08,0,0,5,117.69950363786003,1.5915436756539838,0,61.30998992919922,-1.52587890625e-05,6,2,1. Introduction to the Foundation Level Extensions,,,,,,,heading
9.960000038146973,0,0.1159215440937117,0.1847047902116871,33,218,0.0412844036697247,1,0,5,103.1002763570677,0.8870680446594208,0,23.31001281738281,0.0,6,3,This overview document is intended for anyone with,,,,,,,body
9.960000038146973,0,0.1159215440937117,0.242741979733862,42,261,0.053639846743295,1,0,8,142.5682348968921,0.9262962105136228,0,45.9654541015625,0.009979248046875,6,4,"From time to time, ISTQB will update this document",,,,,,,body
9.960000038146973,0,0.1159215440937117,0.3009678233753551,107,647,0.0571870170015456,1,0,6,123.94395242413144,0.9087591244051608,0,46.1148681640625,18.007705688476562,6,5,The ISTQB Foundation and Advanced Level syllabi ha,,,,,,,body
9.960000038146973,0,0.1159215814927045,0.417054609818892,9,68,0.0588235294117647,0,0,6,209.46806159322887,1.0709677423765402,0,91.94073486328124,5.639991760253906,6,6,The following Foundation Level Extension syllabus ,,,,,,,body
9.960000038146973,0,0.1453458997938368,0.4306489963724155,3,14,0.1428571428571428,0,0,6,253.8289973781216,1.0709677423765402,0,10.766754150390623,-12.367691040039062,6,7, ,,,,,,,body
9.960000038146973,0,0.1159378500545726,0.461447051077178,62,420,0.0357142857142857,1,0,6,216.2688575648476,1.0709677423765402,0,24.392059326171875,5.630035400390625,6,8,"In this document, each Foundation Level Extension ",,,,,,,body
9.960000038146973,0,0.1251492219812729,0.9074839582346906,9,38,0.0789473684210526,0,0,4,325.2868117844199,1.1103678936877472,0,353.26123046875,12.360366821289062,6,9,Version 2014 ,,,,,,,body
6.0,0,0.1251372543035769,0.9304166851621686,6,53,0.0943396226415094,0,0,4,336.072594353422,0.6024096362469775,0,18.1627197265625,0.0,6,10,© International Software Testing Qualifications Bo,,,,,,,body
9.960000038146973,0,0.7038398692810458,0.0778613524003462,2,20,0.1,0,0,4,205.12933123159317,0.8627111309318664,0,23.03997802734375,-359.8059997558594,7,0,Qualifications Board ,,,,,,,body
10.300000031789144,0,0.1216078490213631,0.0487704710526899,10,81,0.1111111111111111,0,0,4,142.97531690068178,0.8987783592934966,0,0.0,-3.4800033569335938,7,1,International ,,,,,,,body
15.960000038146973,0,0.1159215690263735,0.1552729558463048,8,58,0.1034482758620689,0,0,5,121.01711030132051,1.4717816309786085,0,61.30998992919922,0.0,7,2,2. Introduction to Foundation Level Agile Tester E,,,,,,,heading
9.960000038146973,0,0.1159215690263735,0.1828435647367227,70,452,0.0243362831858407,1,0,6,123.74091417939648,0.8515246523847724,0,21.835922241210938,0.0,7,3,The certification for Foundation Level Extension –,,,,,,,body
14.039999961853027,0,0.1159215690263735,0.2744366038929332,3,21,0.0952380952380952,0,1,4,175.80620917117625,1.2251308826455491,0,72.54168701171875,17.997726440429688,7,4,2.1 Intended Audience ,,,,,,,heading
9.960000038146973,0,0.1159215690263735,0.302275416826961,16,106,0.0566037735849056,0,0,7,142.43753894708416,0.8699775406366973,0,22.04833984375,0.019927978515625,7,5,The Foundation Level Extension – Agile Tester qual,,,,,,,body
9.960000038146973,0,0.1453296187656377,0.3186868224481139,109,696,0.0172413793103448,1,0,5,119.79382858273156,0.924276170841868,0,12.997833251953123,-17.967849731445312,7,6,1. Professionals who have achieved in-depth testin,,,,,,,body
9.960000038146973,0,0.1159541310827716,0.478424072265625,25,182,0.0054945054945054,1,0,4,102.76141399817573,1.0,0,126.51190185546876,-0.019927978515625,7,7,These professionals include people who are in role,,,,,,,body
9.960000038146973,0,0.1159703871783088,0.5202258716930043,42,304,0.0296052631578947,1,0,5,112.48008934703972,0.924276170841868,0,33.107025146484375,-0.029876708984375,7,8,This Foundation Level Extension – Agile Tester cer,,,,,,,body
14.039999961853027,0,0.1159215690263735,0.611772479433002,5,28,0.1071428571428571,0,1,4,150.36798337252318,1.2786885188947157,0,72.50491333007812,0.019927978515625,7,9,2.2 Career Paths for Testers ,,,,,,,heading
9.960000038146973,0,0.1159215690263735,0.6414346405954072,53,337,0.0356083086053412,1,0,6,116.73012541734327,0.936090226911745,0,23.492431640625,0.0,7,10,"Building on the Foundation Level, the Agile Tester",,,,,,,body
9.960000038146973,0,0.1159541310827716,0.7121983537770281,20,143,0.1468531468531468,1,0,7,120.81953720066382,0.8952234227603829,0,56.04486083984375,5.617431640625,7,11,People possessing an ISTQB Foundation Level Extens,,,,,,,body
14.039999961853027,0,0.1159215690263735,0.7748406920770202,3,23,0.0869565217391304,0,1,4,143.89568432396675,1.405405400245249,0,49.61273193359375,0.019927978515625,7,12,2.3 Learning Objectives ,,,,,,,heading
9.960000038146973,0,0.1159215690263735,0.8045027761748342,29,186,0.032258064516129,1,0,6,107.62737252395232,0.9979959938989688,0,23.49237060546875,5.6399993896484375,7,13,"In general, the Foundation Level syllabus is exami",,,,,,,body
9.960000038146973,0,0.1159215690263735,0.8479897084862295,19,120,0.0333333333333333,1,0,5,100.87737785383617,1.086387435099592,0,34.441650390625,5.6399993896484375,7,14,"In addition, all Foundation Level syllabus learnin",,,,,,,body
9.960000038146973,0,0.1251329409530739,0.9074354075422192,9,38,0.0789473684210526,0,0,4,105.8765163544366,1.1103678936877472,0,47.08099365234375,0.0026397705078125,7,15,Version 2014 ,,,,,,,body
6.0,0,0.1251372543035769,0.9304166851621686,6,53,0.0943396226415094,0,0,4,157.46914761346724,0.5464480864824526,0,18.201171875,0.0,7,16,© International Software Testing Qualifications Bo,,,,,,,body
9.960000038146973,0,0.7038398692810458,0.0778613524003462,2,20,0.1,0,0,4,205.34957272204093,0.9915380788351222,0,23.03997802734375,-359.8059997558594,8,0,Qualifications Board ,,,,,,,body
10.300000031789144,0,0.1216078490213631,0.0487704710526899,10,81,0.1111111111111111,0,0,4,143.8930324162606,0.9380692180233966,0,0.0,-3.4800033569335938,8,1,International ,,,,,,,body
9.960000038146973,0,0.1159215440937117,0.1374320502233023,39,254,0.0196850393700787,1,0,6,127.70735786668656,0.8754761231710289,0,47.17999267578125,1.52587890625e-05,8,2,"That said, each extension level exam focuses on th",,,,,,,body
14.039999961853027,0,0.1159215690263735,0.1982245011763139,3,22,0.0909090909090909,0,1,5,143.1501905992625,1.2947251875567545,0,48.14762115478516,-1.52587890625e-05,8,3,2.4 Entry Requirements ,,,,,,,heading
9.960000038146973,0,0.1159215690263735,0.2260253983314591,23,148,0.0878378378378378,1,0,8,125.31452576979288,0.9036062618852504,0,22.018310546875,0.0,8,4,To be able to participate in a Foundation Level Ex,,,,,,,body
14.039999961853027,0,0.1159215690263735,0.2741335859202375,5,33,0.0909090909090909,0,1,5,111.61377993207972,1.302895316632528,0,38.1016845703125,0.0,8,5,2.5 Structure and Course Duration ,,,,,,,heading
9.960000038146973,0,0.1159215690263735,0.3019723988542653,19,123,0.065040650406504,1,0,9,111.38930111390648,0.9564660700802258,0,22.04833984375,0.0,8,6,The Foundation Level Extension – Agile Tester syll,,,,,,,body
9.960000038146973,0,0.1159215690263735,0.3473206337052162,12,67,0.0149253731343283,0,0,6,98.40443218389198,0.8798586596253526,0,35.915802001953125,141.26600646972656,8,7,The syllabi must be taught in the following minimu,,,,,,,body
9.960000038146973,0,0.3467483769834431,0.3806517629912405,2,13,0.1538461538461538,0,0,6,63.73919970046799,1.0,0,26.39825439453125,-141.26600646972656,8,8,Syllabus ,,,,,,,body
9.960000038146973,0,0.3467483769834431,0.4035305447048611,3,22,0.0909090909090909,0,0,7,156.18607763505602,1.0602189784726876,0,18.1199951171875,-135.62600708007812,8,9,Baseline: Foundation ,,,,,,,body
9.960000038146973,0,0.3467483769834431,0.4262578174321338,4,25,0.12,0,0,6,164.85490380579282,1.0709677423765402,0,18.0,-135.62600708007812,8,10,Extension: Agile Tester ,,,,,,,body
9.960000038146973,0,0.1159215690263735,0.4635305693655303,18,116,0.0517241379310344,1,0,6,171.71387486720505,1.0709677423765402,0,29.52001953125,5.6399993896484375,8,11,The following figure shows the structure of the Ag,,,,,,,body
9.960000038146973,0,0.1251372543035769,0.9074337891858032,9,38,0.0789473684210526,0,0,4,321.0600368952799,1.1103678936877472,0,351.57135009765625,135.62600708007812,8,12,Version 2014 ,,,,,,,body
6.0,0,0.1251372543035769,0.9304166851621686,6,53,0.0943396226415094,0,0,4,354.9307958342549,0.6024096362469775,0,18.20245361328125,0.0,8,13,© International Software Testing Qualifications Bo,,,,,,,body
9.960000038146973,0,0.7038398692810458,0.0778613524003462,2,20,0.1,0,0,4,351.72619515495546,0.900135564609939,0,23.03997802734375,-354.16864013671875,9,0,Qualifications Board ,,,,,,,body
10.300000031789144,0,0.1216078490213631,0.0487704710526899,10,81,0.1111111111111111,0,0,5,371.0501316937642,1.0316506426329533,0,0.0,2.159996032714844,9,1,International ,,,,,,,body
14.039999961853027,0,0.1159215690263735,0.1691335427640664,4,22,0.1363636363636363,0,1,5,377.7438557064969,1.520138579189588,0,72.2875747680664,5.637359619140625,9,2,2.6 Keeping It Current ,,,,,,,heading
9.960000038146973,0,0.1159215690263735,0.1987957424587673,56,371,0.0215633423180593,1,0,5,325.02043715350027,0.990847594935114,0,23.492462158203125,5.6399993896484375,9,3,The software industry changes rapidly. To deal wit,,,,,,,body
9.960000038146973,0,0.1251329409530739,0.9074523617522884,9,38,0.0789473684210526,0,0,5,531.1591465115432,0.990847594935114,0,561.2560424804688,-5.637359619140625,9,4,Version 2014 ,,,,,,,body
6.0,0,0.1251372543035769,0.9304166851621686,6,53,0.0943396226415094,0,0,4,509.9547302089836,0.5422503380496411,0,18.187744140625,0.0,9,5,© International Software Testing Qualifications Bo,,,,,,,body
9.960000038146973,0,0.7038398692810458,0.0778613524003462,2,20,0.1,0,0,4,216.74722665981187,0.8627111309318664,0,23.03997802734375,-322.9700012207031,10,0,Qualifications Board ,,,,,,,body
10.300000031789144,0,0.1216078490213631,0.0487704710526899,10,81,0.1111111111111111,0,0,4,159.4860425981898,0.8253205141063625,0,0.0,-3.4800033569335938,10,1,International ,,,,,,,body
15.960000038146973,0,0.1159215690263735,0.1483511491255326,10,68,0.1029411764705882,0,0,5,133.0905519461012,1.4717816309786085,0,55.827919006347656,0.0,10,2,3. Overview of the Foundation Level Extension – Ag,,,,,,,heading
14.039999961853027,0,0.1159215690263735,0.2373153609458846,3,21,0.0952380952380952,0,1,5,153.5111018852414,1.2504453077789763,0,70.45965576171875,36.83599853515625,10,3,3.1 Business Outcomes ,,,,,,,heading
9.960000038146973,0,0.1159215690263735,0.2669775606405855,21,142,0.056338028169014,1,0,8,137.76302940211696,0.8843507226236016,0,23.492462158203125,-0.0099639892578125,10,4,This section lists the Business Outcomes expected ,,,,,,,body
9.960000038146973,0,0.1159052879981745,0.3086410291267163,4,20,0.15,0,0,4,145.83924178601137,0.9071038270350948,0,32.997467041015625,0.0099639892578125,10,5,An Agile Tester can… ,,,,,,,body
9.960000038146973,0,0.1761111091164981,0.3395911322699653,18,131,0.0458015267175572,1,0,6,110.6362017804828,0.9087591244051608,0,57.50994873046875,0.0,10,6,AFM1 ,,,,,,,body
9.960000038146973,0,0.1761111091164981,0.3832275313560409,12,84,0.0595238095238095,1,0,5,65.53388017598215,1.0,0,34.560028076171875,0.0,10,7,AFM2 ,,,,,,,body
9.960000038146973,0,0.1761111091164981,0.4147426720821496,9,64,0.078125,1,0,7,97.01215107322996,0.9447154483311468,0,24.959991455078125,0.0,10,8,AFM3 ,,,,,,,body
9.960000038146973,0,0.1761111091164981,0.4464093603269018,12,75,0.0666666666666666,1,0,7,75.0088535241615,1.0,0,25.08001708984375,-36.836029052734375,10,9,AFM4 ,,,,,,,body
9.960000038146973,0,0.1761111091164981,0.4780760100393584,9,57,0.087719298245614,1,0,8,111.4493719456096,0.9512893993247722,0,25.079986572265625,-36.83599853515625,10,10,AFM5 ,,,,,,,body
9.960000038146973,0,0.1761111091164981,0.5097679369377367,18,151,0.0264900662251655,1,0,4,64.0527157857623,1.0,0,25.100006103515625,-36.836029052734375,10,11,AFM6 ,,,,,,,body
9.960000038146973,0,0.1761111091164981,0.5532527885051689,15,106,0.0377358490566037,1,0,5,93.90643929072364,1.0,0,34.44000244140625,-18.838279724121094,10,12,AFM7 ,,,,,,,body
9.960000038146973,0,0.1159215191610498,0.6103309477218474,27,173,0.0462427745664739,1,0,8,141.0344233597164,0.9512893993247722,0,45.205902099609375,5.63739013671875,10,13,"In general, a Certified Tester Foundation Level – ",,,,,,,body
14.039999961853027,0,0.1159215690263735,0.6729846530490451,2,11,0.0909090909090909,0,1,4,164.29771601688384,1.5652173820592865,0,49.62173461914063,5.6399993896484375,10,14,3.2 Content ,,,,,,,heading
9.960000038146973,0,0.1159215690263735,0.7026845758611505,5,37,0.1081081081081081,0,0,5,156.70306195895895,0.997596156142314,0,23.5223388671875,5.637359619140625,10,15,Chapter 1: Agile Software Development ,,,,,,,body
9.960000038146973,0,0.1453296062993068,0.7162790009469697,117,752,0.0159574468085106,1,0,5,158.06860321640585,1.086387435099592,0,10.76678466796875,-12.35771942138672,10,16, ,,,,,,,body
9.960000038146973,0,0.1251329409530739,0.907468314122672,9,39,0.0769230769230769,0,0,4,172.64876781241162,1.1103678936877472,0,151.42193603515625,-5.63739013671875,10,17,Version 2014 ,,,,,,,body
6.0,0,0.1251372543035769,0.9304166851621686,6,53,0.0943396226415094,0,0,4,183.93294516315663,0.5464480864824526,0,18.17510986328125,0.0,10,18,© International Software Testing Qualifications Bo,,,,,,,body
10.251428604125977,0,0.1216078490213631,0.0487704710526899,11,96,0.1041666666666666,0,0,5,197.32921075372263,1.029259896070565,0,0.0,14.517715454101562,11,0,International ,,,,,,,body
9.960000038146973,0,0.8064506381165748,0.0778613524003462,1,5,0.2,0,0,4,270.2219025028128,0.9927381462538318,0,23.03997802734375,-404.606071472168,11,1,Board ,,,,,,,body
9.960000038146973,0,0.1159215690263735,0.1374320502233023,9,73,0.0958904109589041,0,0,5,179.6026479122118,0.9941820672076568,0,47.17999267578125,17.997718811035156,11,2,"Chapter 2: Fundamental Agile Testing Principles, P",,,,,,,body
9.960000038146973,0,0.1453296062993068,0.1510264560429736,147,875,0.0171428571428571,1,0,7,274.2873728007923,1.055541137248698,0,10.766769409179688,-12.35771942138672,11,3, ,,,,,,,body
9.960000038146973,0,0.1159215690263735,0.3321930085769807,8,55,0.109090909090909,0,0,6,273.3431295680532,1.0654034235440806,0,143.4839096069336,5.6399993896484375,11,4,"Chapter 3: Agile Testing Methods, Techniques, and ",,,,,,,body
9.960000038146973,0,0.1453296062993068,0.3457873951305042,220,1327,0.0128108515448379,1,0,7,295.8201566756928,1.055541137248698,0,10.766754150390623,-12.35771942138672,11,5, ,,,,,,,body
9.960000038146973,0,0.1251329409530739,0.907508773033065,9,39,0.0769230769230769,0,0,4,376.8078083443606,1.1103678936877472,0,444.8833312988281,12.360359191894531,11,6,Version 2014 ,,,,,,,body
6.0,0,0.1251372543035769,0.9304166851621686,6,53,0.0943396226415094,0,0,4,401.9493305111031,0.6024096362469775,0,18.14306640625,0.0,11,7,© International Software Testing Qualifications Bo,,,,,,,body
9.960000038146973,0,0.7038398692810458,0.0778613524003462,2,20,0.1,0,0,4,248.06446029099104,1.021014864422764,0,23.03997802734375,-354.40599822998047,12,0,Qualifications Board ,,,,,,,body
10.300000031789144,0,0.1216078490213631,0.0487704710526899,10,81,0.1111111111111111,0,0,4,172.7190138090696,0.922112801976633,0,0.0,-3.4800033569335938,12,1,International ,,,,,,,body
15.960000038146973,0,0.1159215690263735,0.1552729558463048,2,13,0.0769230769230769,0,0,5,137.81666550789814,1.3965698312078796,0,84.34996795654297,0.0,12,2,4. References ,,,,,,,heading
14.039999961853027,0,0.1159215690263735,0.2164062731193773,2,14,0.0714285714285714,0,1,5,129.1477022962117,1.195504081744744,0,48.41758728027344,5.400001525878906,12,3,4.1 Trademarks ,,,,,,,heading
9.960000038146973,0,0.1159215690263735,0.2460684728140783,12,80,0.0125,0,0,7,133.44154555020984,0.8393932119147762,0,23.492462158203125,5.400001525878906,12,4,The following registered trademarks and service ma,,,,,,,body
8.800000031789144,0,0.1159215690263735,0.2765601379702789,12,91,0.1098901098901098,0,0,9,223.61860492207632,0.7905769631712535,0,24.149398803710938,5.6399993896484375,12,5,ISTQB® is a registered trademark of the Internatio,,,,,,,body
14.039999961853027,0,0.1159215690263735,0.3250805247913707,5,27,0.1111111111111111,0,1,7,220.4380145481604,1.3160149911693924,0,38.42814636230469,5.6399993896484375,12,6,4.2 Documents and Web Sites ,,,,,,,heading
9.960000038146973,0,0.1247451009314044,0.3545911769674282,24,182,0.1208791208791208,0,0,7,245.0978713224027,0.9582188042882724,0,23.3724365234375,0.2399978637695312,12,7,Identifier ,,,,,,,body
9.960000038146973,0,0.1251372543035769,0.9074337891858032,9,39,0.0769230769230769,0,0,4,390.2913245301828,1.026804126802749,0,437.8513488769531,-5.6399993896484375,12,8,Version 2014 ,,,,,,,body
6.0,0,0.1251372543035769,0.9304166851621686,6,53,0.0943396226415094,0,0,4,407.200630091989,0.5612722161072685,0,18.20245361328125,0.0,12,9,© International Software Testing Qualifications Bo,,,,,,,body
15.960000038146973,0,0.1559486887813393,0.0910151703189117,4,36,0.1111111111111111,0,0,4,331.4294837257743,0.7419804598521244,0,0.0,-3.7755279541015625,1,0,Ontario’s Libraries ,,,,,,,body
32.040000915527344,0,0.1470985287934346,0.1976211432254675,14,95,0.2105263157894736,0,0,4,243.6935977896664,1.8319039714863925,0,84.43193054199219,1.6407699584960938,1,1,RFP: R,,,,,,,title
24.0,0,0.2153604544845281,0.3136363559299045,14,86,0.1046511627906976,0,0,4,210.22591324222145,1.2307692006730009,0,91.88404846191406,-40.135528564453125,1,2,To Present a Proposal for Developing ,,,,,,,body
20.040000915527344,0,0.3892820271012051,0.4324037956468987,3,14,0.0714285714285714,0,0,4,224.05677115754577,0.9780381001960756,0,94.06381225585938,-146.57553100585938,1,3,"March 21, 2003 ",,,,,,,body
9.960000038146973,0,0.149779525457644,0.8765960847488558,40,262,0.0267175572519083,1,0,4,490.5153575441186,0.4328552731800749,0,351.80029296875,0.0,1,4,The Ontario Digital Library will make Ontario a be,,,,,,,body
20.040000915527344,0,0.1471251693426394,0.1118636564774946,3,25,0.12,0,0,4,174.69848770644958,1.6019185396326483,0,0.0,42.00140380859375,2,0,Ontario’s Digital Library ,,,,,,,heading
15.960000038146973,0,0.1471251693426394,0.1519142497669566,11,79,0.1139240506329113,0,0,4,154.74217823434492,1.1796008714454442,0,31.720069885253903,42.00140380859375,2,1,A Critical Component for Implementing Ontario’s Ro,,,,,,,heading
12.0,0,0.1569290909112668,0.2471211943963561,1,7,0.1428571428571428,0,0,4,187.8153322611983,0.8264462685070982,0,75.40390014648438,36.00140380859375,2,2,Summary ,,,,,,,heading
11.039999961853027,0,0.1569290909112668,0.2885969720705591,68,420,0.0428571428571428,0,0,4,153.33393608092743,0.7479674654916573,0,32.84881591796875,36.00140380859375,2,3,The purpose of this Request for Proposal (RFP) is ,,,,,,,body
11.039999961853027,0,0.2157549141279233,0.3837333062682489,86,550,0.0218181818181818,0,0,7,190.61678319782763,0.8460960854937116,0,75.34797668457031,-36.00236511230469,2,4,"how the ODL will be implemented, including the tim",,,,,,,body
11.039999961853027,0,0.1569290410459431,0.5593139186049952,19,112,0.0625,0,0,5,126.62727248273151,1.015132408108134,0,139.05984497070312,3.814697265625e-05,2,5,This business plan must be completed and approved ,,,,,,,body
11.039999961853027,1,0.1569291033775977,0.6064290904035472,1,9,0.1111111111111111,0,0,4,208.7928155690408,1.018987341184089,0,37.315216064453125,-0.0009689331054687,2,6,Timeline: ,,,,,,,heading
10.45714282989502,1,0.1569291033775977,0.6374860050702336,27,172,0.0406976744186046,1,0,7,136.11691628754983,0.9854604206557036,0,24.597076416015625,-6.000007629394531,2,7,Those firms/consultants intended to submit a propo,,,,,,,body
10.799999978807238,1,0.1569275201535692,0.6846539275814788,38,258,0.0852713178294573,1,0,7,130.75665396547464,1.0224901474737742,0,37.35699462890625,-5.999038696289063,2,8,"Proposals may be e-mailed, mailed, couriered or fa",,,,,,,body
11.039999961853027,1,0.1569275201535692,0.7637423891009707,45,282,0.0141843971631205,1,0,6,124.44931164852215,1.057181942122477,0,62.6380615234375,-5.999038696289063,2,9,Those proposals that are short-listed will be invi,,,,,,,body
11.039999961853027,1,0.1569275450862311,0.8426672424932923,23,131,0.015267175572519,1,0,4,95.61383678212349,1.0882974222274011,0,62.50848388671875,0.0009536743164062,2,10,Contracts with the firm/consultant will be signed ,,,,,,,body
8.27999997138977,1,0.1471251693426394,0.9229543666646938,12,70,0.1571428571428571,0,0,4,138.68898320188495,0.7642405058880667,0,63.58740234375,0.0,2,11,RFP: To Develop the Ontario Digital Library Busine,,,,,,,body
11.039999961853027,0,0.1569290909112668,0.0911727481418185,25,141,0.0212765957446808,1,0,4,178.86526076217126,0.9850860410562324,0,0.0,-6.0,3,0,Please note that we reserve the right not to selec,,,,,,,body
10.748571395874023,1,0.1568930133495455,0.1382878814080748,76,481,0.0207900207900207,1,0,4,139.930697690917,0.9528875375120882,1,37.315185546875,-5.9779205322265625,3,1,If you require further information or have any que,,,,,,,body
12.0,0,0.1569290909112668,0.260303015660758,1,10,0.1,0,0,4,199.7499100797073,1.0941774167219227,0,96.635986328125,-6.0,3,2,Background ,,,,,,,heading
11.039999961853027,0,0.1471251693426394,0.3019303023213088,50,347,0.0489913544668587,1,0,5,144.1442287013914,0.9880331381878356,0,32.96881103515625,0.0,3,3,"First, some background on the ODL. For the last tw",,,,,,,body
11.039999961853027,0,0.1471251693426394,0.3808550593828914,82,505,0.0099009900990099,1,0,6,170.66900437202307,0.990007685715826,0,62.50840759277344,0.0,3,4,Libraries that serve very different clientele reco,,,,,,,body
11.039999961853027,0,0.1471251693426394,0.4918963114420573,94,615,0.0113821138211382,1,0,4,135.27562555946753,1.0,0,87.94467163085938,1.52587890625e-05,3,5,We are moving into a period of convergence. With c,,,,,,,body
11.039999961853027,1,0.1471251693426394,0.6186890650277186,99,619,0.0403877221324717,1,0,6,143.34628867259497,1.0434782608695652,0,100.41986083984376,0.0,3,6,The concept of an ODL is a key element in The Road,,,,,,,body
11.039999961853027,0,0.1471251942753012,0.7465551357076625,33,192,0.0260416666666666,1,0,5,103.39842506330338,1.0526315789473684,0,101.26992797851562,-1.52587890625e-05,3,7,Libraries have long been a key delivery point for ,,,,,,,body
11.039999961853027,0,0.1471251942753012,0.8103417290581597,29,183,0.0273224043715847,1,0,4,73.33782237690392,1.0666666666666669,0,50.51898193359375,-1.52587890625e-05,3,8,Libraries have a long tradition of using a practic,,,,,,,body
11.039999961853027,0,0.1471251942753012,0.8583769364790483,41,277,0.0505415162454873,0,0,4,84.18788744641076,1.0666666666666669,0,38.04388427734375,-1.52587890625e-05,3,9,Jurisdiction-wide digital libraries are very pract,,,,,,,body
8.27999997138977,1,0.1471251693426394,0.9229543666646938,12,70,0.1571428571428571,0,0,4,113.2325205802554,0.75,0,51.14532470703125,0.0,3,10,RFP: To Develop the Ontario Digital Library Busine,,,,,,,body
11.039999961853027,0,0.147112316555447,0.0910612356783163,149,989,0.0475227502527805,1,0,4,202.82397723188265,1.0,0,0.0,0.0,4,0,was incorporated in 1997 as a province-wide librar,,,,,,,body
11.039999961853027,0,0.147112316555447,0.298604656951596,79,543,0.0257826887661141,1,0,5,129.32600987995482,1.0,0,164.3743896484375,0.0,4,1,The ODL will be a partnership-based organization p,,,,,,,body
11.039999961853027,0,0.147112316555447,0.4096458512123185,10,55,0.0727272727272727,0,0,5,118.6070027122549,1.0,0,87.94462585449219,0.0,4,2,The principles which will define and guide the ODL,,,,,,,body
11.039999961853027,1,0.147112316555447,0.4407028044113005,5,35,0.0571428571428571,0,0,5,138.05341519100892,1.0,0,24.59710693359375,0.0,4,3,Equitable access for all Ontarians: ,,,,,,,heading
11.039999961853027,0,0.1765162399391723,0.4719131161468197,14,103,0.0194174757281553,0,0,6,123.7282778958336,1.0,0,24.71856689453125,0.0,4,4,"We will bring consistent, high-quality electronic ",,,,,,,body
11.039999961853027,0,0.1765162399391723,0.5188749294088344,17,112,0.0089285714285714,1,0,5,93.3896443853442,1.0,0,37.193756103515625,-17.995201110839844,4,5,We will eliminate barriers to the access to inform,,,,,,,body
11.039999961853027,1,0.147112316555447,0.5659900626750908,4,42,0.0238095238095238,0,0,6,126.21447099445264,1.0,0,37.315185546875,0.0,4,6,Shared decision-making and accountability: ,,,,,,,heading
11.039999961853027,0,0.1765162399391723,0.59720037441061,14,104,0.0384615384615384,0,0,5,84.17811714354727,1.0,0,24.71856689453125,0.0,4,7,We will facilitate consensus among members regardi,,,,,,,body
11.039999961853027,0,0.1765162399391723,0.6441621876726247,20,117,0.0085470085470085,1,0,4,75.06358723381507,1.0,0,37.193756103515625,0.0,4,8,We will balance the interests and realities of sma,,,,,,,body
11.039999961853027,1,0.147112316555447,0.691277320938881,3,28,0.0357142857142857,0,0,4,102.73129897753176,1.0,0,99.22750854492188,17.995201110839844,4,9,Shared governance structure: ,,,,,,,heading
11.039999961853027,0,0.1765162399391723,0.7224876326744003,12,69,0.0144927536231884,1,0,8,104.55701095783527,1.032258064516129,0,24.71856689453125,-17.987335205078125,4,10,We will share decision-making in order to enable t,,,,,,,body
11.039999961853027,0,0.1765162399391723,0.7535446629379735,12,68,0.0147058823529411,1,0,7,98.3647381120098,1.037037037037037,0,24.59716796875,-17.987335205078125,4,11,We will work based on an underlying assumption of ,,,,,,,body
11.039999961853027,1,0.147112316555447,0.7846016161369554,2,15,0.0666666666666666,0,0,4,139.46738016914637,1.0,0,24.59710693359375,0.0,4,12,Shared funding: ,,,,,,,heading
11.039999961853027,1,0.1765162399391723,0.8158119278724747,21,137,0.0145985401459854,1,0,4,70.08227968352277,1.0666666666666669,0,49.315673828125,-17.987335205078125,4,13,"We will leverage provincial, institutional, and lo",,,,,,,body
11.039999961853027,0,0.1765162648718341,0.8629270611387311,28,167,0.0059880239520958,1,0,4,77.25393951525528,1.0666666666666669,0,37.315185546875,-1.52587890625e-05,4,14,We will be willing to pool talents and dollars in ,,,,,,,body
8.27999997138977,1,0.1471251693426394,0.9229543666646938,12,70,0.1571428571428571,0,0,4,105.93862872389212,0.75,0,47.5416259765625,0.0,4,15,RFP: To Develop the Ontario Digital Library Busine,,,,,,,body
11.039999961853027,1,0.1470583373425053,0.0910472099227134,4,22,0.0454545454545454,0,0,4,134.73547854353097,1.0,0,0.0,0.0,5,0,Local points of entry: ,,,,,,,heading
11.039999961853027,0,0.1862755943747127,0.1230242372763277,30,220,0.0181818181818181,1,0,4,141.9741940690999,1.0,0,25.3258056640625,-24.000961303710938,5,1,"We will provide the licenses, infrastructure, serv",,,,,,,body
11.039999961853027,0,0.1470583373425053,0.1868109076914161,6,42,0.0952380952380952,0,0,5,100.36506889603804,1.0,0,50.51904296875,0.0,5,2,Services envisioned for the ODL’s include: ,,,,,,,body
11.039999961853027,1,0.1470583373425053,0.2187878579804391,1,7,0.1428571428571428,0,0,4,106.22521804530928,1.0,0,25.32574462890625,17.995201110839844,5,3,Access: ,,,,,,,heading
11.039999961853027,0,0.1764622607262305,0.2348460380477134,24,176,0.0056818181818181,0,0,4,101.66338436384784,1.0,0,38.0438232421875,-17.995201110839844,5,4,"to the “deep” web (i.e. Commercial, purchased elec",,,,,,,body
11.039999961853027,1,0.1470583373425053,0.3146909655946673,3,20,0.1,0,0,6,112.92363827203536,1.0,0,63.2371826171875,0.0,5,5,Guidance and Advice: ,,,,,,,heading
11.039999961853027,1,0.1470583373425053,0.3305957678592566,23,147,0.0068027210884353,0,0,6,116.69667228512483,1.0,0,75.83378601074219,17.995201110839844,5,6,to support e-learning ,,,,,,,body
11.039999961853027,0,0.1764622607262305,0.3945218481198705,7,42,0.0,0,0,6,93.93629775345016,1.0,0,50.62945556640625,0.0,5,7,for library workers ,,,,,,,body
11.039999961853027,1,0.1470583373425053,0.4424036584719263,4,34,0.088235294117647,0,0,8,99.45703715733038,1.0,0,37.922393798828125,-7.62939453125e-06,5,8,Provincial Purchasing & Licensing: ,,,,,,,heading
11.039999961853027,0,0.1764622607262305,0.4583085185349589,11,67,0.0,0,0,5,97.17219773526318,1.0,0,12.596649169921877,-17.995193481445312,5,9,of electronic content on a consortia basis for all,,,,,,,body
11.039999961853027,1,0.1470583373425053,0.490285468823982,2,22,0.0909090909090909,0,0,4,78.52677065671023,1.0,0,37.922393798828125,-7.62939453125e-06,5,10,Technological Support: ,,,,,,,heading
11.039999961853027,0,0.1764622607262305,0.5063436488912563,29,176,0.0170454545454545,0,0,5,128.9772802110586,1.0,0,38.0438232421875,54.007659912109375,5,11,of common standards for the preservation and archi,,,,,,,body
11.039999961853027,0,0.1470583498088363,0.5886139147209398,6,31,0.1290322580645161,1,0,6,112.30279777406224,1.0,0,65.15805053710938,-7.62939453125e-06,5,12,What could the ODL really mean? ,,,,,,,heading
11.039999961853027,0,0.1470583248761744,0.6234484971171678,7,39,0.0512820512820512,0,0,7,154.04655782419675,1.037037037037037,0,27.5889892578125,0.0409088134765625,5,13,For each Ontario citizen it could mean: ,,,,,,,heading
11.039999961853027,0,0.2647100710401348,0.6396599971886837,72,509,0.0078585461689587,0,0,5,153.88477152504987,1.0526315789473684,0,12.839508056640623,-71.96195983886719,5,14,One local point of entry to access seamless electr,,,,,,,body
11.039999961853027,0,0.1470583373425053,0.7982624709004104,7,39,0.0512820512820512,0,0,5,154.68267536884807,1.0526315789473684,0,125.6131591796875,7.62939453125e-06,5,15,For each Ontario student it could mean: ,,,,,,,heading
11.039999961853027,0,0.2647100959727966,0.8144739324396307,28,218,0.0091743119266055,0,0,4,137.86064344315375,1.0666666666666669,0,12.8394775390625,-72.00288391113281,5,16,"One local point of entry to quality, curriculum- b",,,,,,,body
8.27999997138977,1,0.1471251693426394,0.9229543666646938,12,70,0.1571428571428571,0,0,4,167.1558487794682,0.75,1,85.91650390625,0.0,5,17,RFP: To Develop the Ontario Digital Library Busine,,,,,,,body
11.039999961853027,0,0.2647715799169602,0.0911727481418185,22,146,0.0068493150684931,0,0,4,160.13292670971236,1.0,0,0.0,0.0,6,0,Confidence that the services and resources people ,,,,,,,body
11.039999961853027,0,0.1471198212866689,0.1389012384896326,7,39,0.0512820512820512,0,0,4,165.47996369594915,1.0,0,37.80096435546875,72.00287628173828,6,1,For each Ontario library it could mean: ,,,,,,,heading
11.039999961853027,0,0.2647715799169602,0.1551127770934442,57,397,0.0075566750629722,0,0,4,132.7087934559325,1.0,0,12.83953857421875,-72.00289154052734,6,2,One point of entry for themselves and their client,,,,,,,body
11.039999961853027,0,0.1471197963540071,0.2826721692326093,7,41,0.048780487804878,0,0,5,163.23859327195493,1.0,0,101.02703857421876,1.52587890625e-05,6,3,For the Ontario government it could mean: ,,,,,,,heading
11.039999961853027,1,0.2647715799169602,0.2987303492998836,81,560,0.0178571428571428,0,0,6,159.6810897192947,1.0,1,12.71807861328125,-71.9918441772461,6,4,A point of entry to information services and resou,,,,,,,body
11.039999961853027,0,0.1471198212866689,0.4584060437751538,40,268,0.0485074626865671,1,0,5,122.53285375554889,0.9829059821802828,0,126.46315002441406,0.0032730102539062,6,5,ODL will be an incorporated non-profit organizatio,,,,,,,body
11.039999961853027,0,0.1471378476011987,0.5215793956409801,19,125,0.032,1,0,4,100.11019976564069,0.978723403355898,0,50.033294677734375,5.992240905761719,6,6,"More information regarding the envisioned phasing,",,,,,,,body
12.0,0,0.1569290909112668,0.5796969635318024,6,33,0.1212121212121212,0,0,6,166.67571926504937,1.134215504864282,0,46.02911376953125,-6.0,6,7,The Business Plan to be Developed ,,,,,,,heading
11.039999961853027,0,0.1471251693426394,0.6358695752692946,59,388,0.0257731958762886,1,0,6,139.3386306373276,1.0279329602324283,0,44.48870849609375,0.0,6,8,The business plan which needs to be developed for ,,,,,,,body
11.039999961853027,0,0.1471251693426394,0.7300999188663984,6,45,0.0222222222222222,0,0,4,146.3894073893077,1.0424929168265809,0,74.63043212890625,0.0,6,9,"Specifically, the business plan must include: ",,,,,,,body
11.039999961853027,0,0.2134013207130183,0.7620768691554214,78,500,0.018,0,0,4,147.51246515293877,1.0424929168265809,0,25.32574462890625,-34.561004638671875,6,10,"how the ODL will be implemented, including the tim",,,,,,,body
8.27999997138977,1,0.1471251693426394,0.9229543666646938,12,70,0.1571428571428571,0,0,4,190.32903524291768,0.7340425525169234,1,127.41497802734376,0.0,6,11,RFP: To Develop the Ontario Digital Library Busine,,,,,,,body
11.039999961853027,0,0.215753094043607,0.0911727481418185,16,110,0.0272727272727272,0,0,4,159.89505575214653,0.978723403355898,0,0.0,-36.00028991699219,7,0,the marketing and communications plan for the ODL ,,,,,,,body
11.039999961853027,1,0.1471319260940053,0.1390545199615786,35,240,0.0208333333333333,1,0,4,133.8559706192956,1.0,0,37.92236328125,17.995864868164062,7,1,The process of developing this business plan must ,,,,,,,body
11.039999961853027,1,0.1471319260940053,0.202994471848613,74,532,0.0150375939849624,1,0,5,131.23117342151235,0.9829059821802828,0,50.64044189453125,5.995864868164063,7,2,The business plan for the ODL must address signifi,,,,,,,body
12.0,0,0.1569290909112668,0.3410605998954387,1,10,0.1,0,0,5,185.45500132706772,1.0683760712788684,0,109.34837341308594,12.0,7,3,Milestones ,,,,,,,heading
11.039999961853027,1,0.1765369340485217,0.3825363390373461,10,56,0.0357142857142857,1,0,7,139.6750754375191,0.975757574735886,0,32.848785400390625,-8.520004272460938,7,4,1) A preliminary report will be issued during June,,,,,,,body
11.039999961853027,1,0.1765369340485217,0.4135932922363281,35,205,0.0195121951219512,1,0,7,135.3395234633402,0.975757574735886,0,24.59710693359375,-18.000015258789062,7,5,"2) It is expected that an Interim Report, suitable",,,,,,,body
11.039999961853027,1,0.1765369340485217,0.4767666441021543,20,115,0.0608695652173913,1,0,5,103.4121679783281,0.9829059821802828,0,50.033294677734375,-18.000015258789062,7,6,3) The business plan must be completed and approve,,,,,,,body
12.0,0,0.1626153584399254,0.5348484540226484,5,43,0.0930232558139534,0,0,8,152.1685685941964,1.1095700449110666,0,46.00079345703125,-9.479995727539062,7,7,Approach and Specific Proposal Requirements ,,,,,,,heading
11.039999961853027,1,0.1471251444099775,0.5764757406831992,58,402,0.0223880597014925,1,0,6,135.1350136571646,1.0279329602324283,0,32.96881103515625,1.52587890625e-05,7,8,The firm/consultant (or proposed team of consultan,,,,,,,body
11.039999961853027,0,0.1471251444099775,0.6714588512073864,7,54,0.0185185185185185,0,0,5,148.0093799305791,1.0337078643658846,0,75.22662353515625,1.52587890625e-05,7,9,The proposal should include the following informat,,,,,,,body
11.039999961853027,0,0.1765290677937027,0.7025158044063684,85,588,0.0,0,1,4,144.62665797261408,1.0424929168265809,0,24.59710693359375,-8.515190124511719,7,10,a) name of the firm/consultant ,,,,,,,body
8.27999997138977,1,0.1471251693426394,0.9229543666646938,12,70,0.1571428571428571,0,0,4,224.6530850329105,0.7340425525169234,0,174.58734130859375,0.0,7,11,RFP: To Develop the Ontario Digital Library Busine,,,,,,,body
12.0,0,0.1569290909112668,0.102272746538875,5,35,0.0857142857142857,0,0,4,156.34618261280568,1.0869565254949367,0,0.0,-6.0,8,0,Evaluation and Awarding of Contract ,,,,,,,heading
11.039999961853027,0,0.1471251693426394,0.1551121605767144,49,275,0.0181818181818181,1,0,5,123.61452979020407,0.9829059821802828,0,41.84881591796875,0.0,8,1,The contract will be awarded to the bidder whose s,,,,,,,body
11.039999961853027,0,0.1471251693426394,0.2181321153737077,11,88,0.0113636363636363,0,0,6,179.9003586243442,1.0279329602324283,0,49.91180419921875,0.0,8,2,"Specifically, proposals will be evaluated proposal",,,,,,,body
11.039999961853027,0,0.2059510424246196,0.2654006071765013,32,243,0.0411522633744856,0,0,6,172.88676743165675,1.0279329602324283,0,37.4366455078125,-36.001434326171875,8,3,Quality of the proposal /approach outlined for und,,,,,,,body
11.039999961853027,0,0.1471251693426394,0.361902988318241,14,103,0.058252427184466,1,0,6,178.50208655601378,1.0279329602324283,0,76.42988586425781,0.0,8,4,Questions regarding this RFP should be directed by,,,,,,,body
11.039999961853027,0,0.1471251693426394,0.4099242085158223,19,105,0.1047619047619047,1,0,5,181.4584436610481,1.0526315789473684,0,38.032806396484375,0.0,8,5,Bidders are asked not to contact any other member ,,,,,,,body
8.27999997138977,1,0.1471251693426394,0.9229543666646938,12,70,0.1571428571428571,0,0,4,473.7595640443952,0.75,1,406.3198852539063,0.0,8,6,RFP: To Develop the Ontario Digital Library Busine,,,,,,,body
12.0,0,0.1471251693426394,0.1357575426198015,7,44,0.1818181818181818,0,0,4,108.15383673605666,1.204819272493955,0,0.0,-0.0001068115234375,9,0,Appendix A:  ODL Envisioned Phases & Funding ,,,,,,,heading
9.960000038146973,0,0.1471249948140063,0.1764973341816603,4,27,0.1481481481481481,0,0,4,118.21541475627872,0.9512893993247722,0,32.26591491699219,0.0,9,1,Phase I:  Business Planning ,,,,,,,heading
9.960000038146973,1,0.1471249948140063,0.2055850558810764,18,134,0.0373134328358208,1,0,5,114.33506054532496,0.9606481489998376,0,23.0374755859375,7.62939453125e-06,9,2,Timeline: March 2003 – September 2003 ,,,,,,,body
9.960000038146973,1,0.1471250072803372,0.2490720652570628,5,29,0.1724137931034483,0,0,5,122.76290025416486,0.9606481489998376,0,34.44171142578125,-7.62939453125e-06,9,3,Result: The ODL business plan ,,,,,,,body
9.960000038146973,0,0.1471249948140063,0.2783106794260969,51,307,0.0390879478827361,1,0,6,120.14481663988995,0.9669902919812796,0,23.156982421875,0.0,9,4,The first phase will be to build the ODL business ,,,,,,,body
9.960000038146973,0,0.1471249948140063,0.3363478689482718,55,362,0.005524861878453,1,0,5,113.49946192668487,1.0,0,45.9654541015625,0.0,9,5,Given the number and diversity of stakeholders inv,,,,,,,body
9.960000038146973,0,0.1471249948140063,0.423334372164023,5,40,0.125,0,0,5,131.0097143567856,1.0,0,68.893310546875,0.0,9,6,Phase II: Implementing and Transitioning ,,,,,,,heading
9.960000038146973,1,0.1471249948140063,0.452422093863439,42,276,0.0398550724637681,1,0,5,112.99338256154287,1.0,0,23.0374755859375,0.0,9,7,Timeline: April 2004 – December 2006 ,,,,,,,body
9.960000038146973,1,0.1471249948140063,0.5250093094026199,7,44,0.1136363636363636,0,0,4,125.13399250736546,1.0,0,57.48907470703125,0.0,9,8,Result: The ODL is implemented and validated ,,,,,,,body
9.960000038146973,0,0.1471249948140063,0.5542479621039497,77,492,0.0264227642276422,1,0,4,118.77524616398358,1.0,0,23.157012939453125,0.0,9,9,The second phase will be to implement the ODL base,,,,,,,body
9.960000038146973,1,0.1471249698813444,0.6413853192570234,121,779,0.0231065468549422,1,0,4,121.48132095982984,1.0,0,69.01278686523438,0.009979248046875,9,10,The seed money requested will allow libraries to r,,,,,,,body
9.960000038146973,0,0.1471249823476754,0.7718713933771307,7,40,0.225,0,0,5,114.97055034235515,1.0349127195018455,0,103.344970703125,0.0001144409179687,9,11,Phase III: Operating and Growing the ODL ,,,,,,,heading
9.960000038146973,1,0.1471249698813444,0.8009591150765467,12,93,0.053763440860215,0,0,5,84.61055376514216,1.0349127195018455,0,23.0374755859375,0.0001220703125,9,12,Timeline: January 2007 -,,,,,,,body
9.960000038146973,1,0.1471249823476754,0.8444461244525332,8,52,0.0961538461538461,0,0,4,84.66065400364683,1.0440251588830842,0,34.44171142578125,0.0001144409179687,9,13,Result: The ODL is fully operational and sustainab,,,,,,,body
9.960000038146973,0,0.1471412758422053,0.8736847386215673,33,205,0.0390243902439024,0,0,5,104.57880927076803,1.0349127195018455,0,23.156982421875,-0.009857177734375,9,14,In the third phase the ODL moves into the operatio,,,,,,,body
8.27999997138977,1,0.1471251693426394,0.9229543666646938,12,70,0.1571428571428571,0,0,4,110.390438071941,0.831325295148316,0,39.02154541015625,0.0,9,15,RFP: To Develop the Ontario Digital Library Busine,,,,,,,body
9.960000038146973,0,0.1471251693426394,0.0911946826510959,19,126,0.0317460317460317,1,0,4,133.21853774783034,1.0,0,0.0,17.997718811035156,10,0,capabilities. The challenge is to secure resources,,,,,,,body
9.960000038146973,0,0.1471251693426394,0.1346816920270823,69,466,0.0278969957081545,1,0,4,95.03764940399492,1.0,0,34.44171142578125,17.997718811035156,10,1,The ongoing funding of the ODL will be based on a ,,,,,,,body
9.960000038146973,0,0.1471251693426394,0.2150030425100615,83,555,0.0306306306306306,0,0,5,82.27997870264895,1.0,0,63.61450958251953,17.997718811035156,10,2,The proposed funding model requires a continuing g,,,,,,,body
9.960000038146973,0,0.1765332066155726,0.3097237481011284,13,67,0.044776119402985,0,0,6,97.53352759045374,1.0,0,75.018798828125,137.76671600341797,10,3,1. that ODL expenditures will increase by 50% over,,,,,,,body
9.960000038146973,0,0.1765332066155726,0.3316936300258444,15,83,0.0,0,0,7,91.400330033397,0.9951470169515112,0,17.400146484375,6.362274169921875,10,4,2. that government funding will decrease from 70% ,,,,,,,body
9.960000038146973,0,0.1765332066155726,0.3538144044201783,18,119,0.0,0,0,5,63.84506191411417,0.9932189869885936,0,17.5196533203125,6.362274169921875,10,5,"3. that library contributions, endowment and gifts",,,,,,,body
9.960000038146973,0,0.401642219693053,0.4048845310403843,5,29,0.8620689655172413,0,0,6,103.97259169161345,0.9943427621899616,0,40.447540283203125,-155.75657653808594,10,6,OVERVIEW OF ODL FUNDING MODEL ,,,,,,,body
10.300000031789144,0,0.1869290794422423,0.4344697046761561,27,185,0.1567567567567567,0,0,7,151.9069998869475,1.054886715133098,0,23.43145751953125,-24.35999298095703,10,7,Funding Source ,,,,,,,body
9.960000038146973,0,0.1471380096635008,0.5574150085449219,40,251,0.0398406374501992,1,0,5,138.8343553693368,1.021149453414805,0,97.3726806640625,-0.0078582763671875,10,8,While the private sector will be invited to partic,,,,,,,body
9.960000038146973,1,0.1471380096635008,0.6156030134721235,88,556,0.0197841726618705,1,0,5,138.5478149218706,1.021149453414805,0,46.08489990234375,-0.0078582763671875,10,9,A $50M budget leverages the consortium buying powe,,,,,,,body
9.960000038146973,1,0.1471380345961626,0.7171396583017676,74,459,0.0217864923747276,1,0,4,142.40943357814425,1.0265773408264305,0,80.41702270507812,24.35211944580078,10,10,It is important to recognize that every new dollar,,,,,,,body
8.588571412222725,1,0.1471251693426394,0.9229543666646938,12,77,0.1428571428571428,0,0,4,248.0402669729201,0.8550095949194324,0,163.0052490234375,0.0,10,11,RFP: To Develop the Ontario Digital Library Busine,,,,,,,body
12.0,0,0.1569290909112668,0.1168181486804075,8,53,0.1698113207547169,0,0,4,151.43761335024877,1.204819272493955,0,0.0,-5.999969482421875,11,0,Appendix B: ,,,,,,,heading
9.960000038146973,0,0.1471251693426394,0.1727094553937815,2,11,0.0909090909090909,0,0,4,167.14317496965953,0.9512893993247722,0,44.26591491699219,5.7569122314453125,11,1,1. Preamble ,,,,,,,heading
9.960000038146973,0,0.1565318388097426,0.2019480695628156,50,357,0.042016806722689,1,0,5,144.5471881161306,0.9606481489998376,0,23.156982421875,3.0517578125e-05,11,2,Implementation of the Ontario Digital Library (ODL,,,,,,,body
9.960000038146973,0,0.1471252192079631,0.2743844696969697,4,21,0.0952380952380952,0,0,4,152.49497449154035,0.9512893993247722,0,57.36962890625,5.756881713867188,11,3,2. Terms of Reference ,,,,,,,heading
9.960000038146973,0,0.1565318886750663,0.3034721913963857,30,214,0.0420560747663551,0,0,5,146.58574950563536,0.9606481489998376,0,23.0374755859375,0.0,11,4,"In broad terms, the ODL Business Plan Steering Com",,,,,,,body
9.960000038146973,0,0.1565318886750663,0.3616602733881787,138,1037,0.0057859209257473,1,1,4,162.58929584803624,1.0,0,46.0849609375,-0.009979248046875,11,5,2.1 developing a detailed business plan for the th,,,,,,,body
9.960000038146973,0,0.1471089381797641,0.608396549417515,2,13,0.0769230769230769,0,0,4,153.042164545373,1.0,0,0.0,5.756866455078125,11,6,3. Membership ,,,,,,,heading
9.960000038146973,0,0.1565156076468673,0.6374843096492266,21,143,0.0419580419580419,0,0,6,130.64703638008052,1.0,0,23.037506103515625,0.0,11,7,"Each of the four sectors, Schools, Colleges, Unive",,,,,,,body
9.960000038146973,0,0.1565156076468673,0.68112213443024,2,12,0.0833333333333333,0,1,4,141.401758536949,1.0,0,34.5611572265625,-1.52587890625e-05,11,8,3.1 Schools: ,,,,,,,body
9.960000038146973,1,0.1565155827142055,0.6956722375118372,30,219,0.1415525114155251,0,0,8,127.45273208380353,1.017513135490985,0,11.523681640625,-5.7469329833984375,11,9,- Ontario School Library Association (OSLA) and Th,,,,,,,body
9.960000038146973,1,0.1565155827142055,0.7535710960927636,12,77,0.1688311688311688,0,0,7,111.6029143334139,1.0200652126737273,0,45.85589599609375,-5.7469329833984375,11,10,- Ontario Council of University Libraries (OCUL) (,,,,,,,body
9.960000038146973,1,0.156499376483992,0.7826713793205492,17,106,0.1226415094339622,0,0,5,75.57591642191997,1.02831858511641,0,23.04742431640625,-5.7370147705078125,11,11,"- Bibliocentre, and Heads of Libraries and Learnin",,,,,,,body
9.960000038146973,1,0.2059087690964244,0.8117716625483349,45,326,0.205521472392638,0,0,4,76.02482784750347,1.0356506252116398,0,23.04742431640625,-35.975563049316406,11,12,- Administrators of Medium-sized Public Libraries ,,,,,,,body
8.588571412222725,1,0.1471251693426394,0.9229543666646938,12,77,0.1428571428571428,0,0,4,121.46389356216264,0.8623063633863803,0,88.05670166015625,0.0,11,13,RFP: To Develop the Ontario Digital Library Busine,,,,,,,body
9.960000038146973,1,0.1565678166408164,0.091080549991492,11,96,0.0625,0,1,4,92.85844774443864,1.0,1,0.0,-5.7469329833984375,12,0,3.5 Ontario Library Association representative (ex,,,,,,,body
9.960000038146973,0,0.2059934902814478,0.1057816996718898,40,253,0.0355731225296442,1,0,4,83.88490877410253,1.0,0,11.643310546875,-30.228599548339844,12,1,- Role of the OLA ex-officio member: To act as a l,,,,,,,body
9.960000038146973,0,0.1565840727363536,0.1638188217625473,28,163,0.0368098159509202,1,1,6,91.16417441540712,0.9957510623297612,0,45.96540069580078,12.211151123046877,12,2,3.6 It is anticipated that as planning for the ODL,,,,,,,body
9.960000038146973,0,0.1471774032692504,0.2073058311385337,5,35,0.0857142857142857,0,0,4,123.52679186410172,1.0,0,34.44171142578125,5.756881713867188,12,3,4. Appointment Criteria and Process ,,,,,,,heading
9.960000038146973,0,0.1565840727363536,0.2371606537790009,21,137,0.0291970802919708,1,1,6,97.65670775506366,0.9957510623297612,0,23.64501953125,12.211151123046877,12,4,4.1 ,,,,,,,body
9.960000038146973,0,0.1566003537645527,0.2826219809175742,8,70,0.0142857142857142,0,1,6,110.74426295157082,0.9957510623297612,0,36.00537109375,-0.0420379638671875,12,5,4.2 ,,,,,,,body
10.2150000333786,0,0.1765369340485217,0.3117599872627644,61,419,0.0214797136038186,1,0,4,110.37683690210386,1.0256024090617444,0,23.077301025390625,-12.211151123046877,12,6,• ,,,,,,,body
9.960000038146973,0,0.1471249948140063,0.4540731256658381,2,7,0.1428571428571428,0,0,4,128.22124608381503,1.0,0,0.0,5.756881713867188,12,7,5. Term ,,,,,,,heading
9.960000038146973,0,0.1565316642811095,0.4833117783671677,29,179,0.0223463687150838,1,0,5,127.0491385285242,0.9949056039499702,0,23.157012939453125,0.0420379638671875,12,8,Expected term on the Steering Committee is the tim,,,,,,,body
9.960000038146973,0,0.1471249948140063,0.5266478567412405,2,8,0.125,0,0,4,95.71925433396343,1.0,0,57.47918701171875,5.756881713867188,12,9,6. Chair ,,,,,,,heading
9.960000038146973,0,0.1565316642811095,0.5558865094425702,12,72,0.0694444444444444,1,0,7,127.31183189257555,1.0,0,23.157012939453125,-5.756881713867188,12,10,Chair will be appointed by the Board of the Ontari,,,,,,,body
9.960000038146973,0,0.1565316642811095,0.5877031653818457,4,18,0.1111111111111111,0,0,4,91.311968433686,1.0,0,25.19879150390625,-5.756881713867188,12,11,Role of the Chair: ,,,,,,,body
9.960000038146973,0,0.1565316642811095,0.6167908870812618,62,383,0.0182767624020887,1,0,4,99.3198988794797,1.0,0,48.23626708984375,0.0,12,12,In addition to the characteristics for appointees ,,,,,,,body
9.960000038146973,0,0.1471249948140063,0.6892272486831202,2,11,0.0909090909090909,0,0,4,119.43979929762754,1.0,0,80.40707397460938,5.756881713867188,12,13,7. Meetings ,,,,,,,heading
9.960000038146973,0,0.1565316642811095,0.7184658628521543,24,140,0.0071428571428571,1,0,6,107.14104311083774,1.0234879632824376,0,80.52658081054688,-5.75677490234375,12,14,It is expected that in person meetings are held on,,,,,,,body
9.960000038146973,0,0.1471249948140063,0.7618019026939316,6,44,0.0681818181818181,0,0,5,121.19428044268872,1.02831858511641,0,34.3221435546875,0.0001068115234375,12,15,8. Lines of Accountability and Communication ,,,,,,,heading
9.960000038146973,0,0.1565316642811095,0.7910405939275568,17,103,0.0485436893203883,1,1,5,87.63557288529086,1.02831858511641,0,23.15704345703125,-5.75677490234375,12,16,8.1 The Steering Committee is accountable to the P,,,,,,,body
9.960000038146973,0,0.1565316642811095,0.8346784187085701,65,412,0.0339805825242718,1,1,4,86.77209100237914,1.0356506252116398,0,34.5611572265625,-5.75677490234375,12,17,8.2 The role of the Ontario Library Association is,,,,,,,body
8.588571412222725,1,0.1471251693426394,0.9229543666646938,12,77,0.1428571428571428,0,0,4,118.22915022371409,0.8623063633863803,1,69.91455078125,0.0,12,18,RFP: To Develop the Ontario Digital Library Busine,,,,,,,body
9.960000038146973,0,0.1565369250727634,0.1057699858540236,44,331,0.0483383685800604,1,1,4,243.67309550298108,1.0356506252116398,0,0.0,-5.7599945068359375,13,0,8.3 The Steering Committee is accountable to its c,,,,,,,body
9.960000038146973,0,0.1471302556056602,0.1782063956212515,5,40,0.075,0,0,4,257.4142951567559,1.0356506252116398,0,57.36963653564453,-0.00311279296875,13,1,9. Financial and Administrative Policies ,,,,,,,heading
9.960000038146973,0,0.1565531811683006,0.2074450097902856,32,222,0.0495495495495495,0,1,4,203.5764791980926,1.0356506252116398,0,23.156982421875,-5.769943237304688,13,2,9.1 Service on the Steering Committee is non-remun,,,,,,,body
9.960000038146973,0,0.205962573780733,0.2654947608408302,65,437,0.0251716247139588,1,0,4,213.5995032559129,1.0356506252116398,0,45.97540283203125,-36.00849151611328,13,3,The ODL Steering Committee will function according,,,,,,,body
8.588571412222725,1,0.1471251693426394,0.9229543666646938,12,77,0.1428571428571428,0,0,4,570.8921429623584,0.8623063633863803,1,520.7080078125,0.0,13,4,RFP: To Develop the Ontario Digital Library Busine,,,,,,,body
12.0,0,0.1569290909112668,0.1168181486804075,6,49,0.1632653061224489,0,0,4,202.37538504522783,1.204819272493955,0,0.0,-0.0020675659179687,14,0,Appendix C: ,,,,,,,heading
9.960000038146973,0,0.1569287543203316,0.1728609643801294,69,424,0.0235849056603773,0,0,4,173.1621564325119,0.9512893993247722,0,44.38591003417969,-0.001861572265625,14,1,The purpose of the ODL is to provide equal access ,,,,,,,body
9.960000038146973,0,0.1569287543203316,0.2599984371300899,3,22,0.0909090909090909,0,0,4,178.74317633783926,0.9512893993247722,0,69.01287841796875,-0.001861572265625,14,2,1. Reference Resources ,,,,,,,body
9.960000038146973,0,0.1569287543203316,0.289086158829506,59,508,0.0,0,0,5,189.73457594037612,0.9606481489998376,0,23.0374755859375,-0.001861572265625,14,3,"- directories: companies, associations, organizati",,,,,,,body
9.960000038146973,0,0.1569257125355839,0.535973365860756,3,17,0.1176470588235294,0,0,7,215.23438865065583,0.9715719069767788,0,195.53466796875,0.0018539428710937,14,4,2. Subject Guides ,,,,,,,body
9.960000038146973,0,0.1569257125355839,0.564910195090554,28,206,0.0,0,0,6,154.56676731044698,1.0234879632824376,0,22.91796875,-5.997932434082031,14,5,-arts and humanities ,,,,,,,body
9.960000038146973,0,0.1569287667866626,0.7100973418264678,3,24,0.0416666666666666,0,0,5,130.49592556393495,1.02831858511641,0,114.98822021484376,-5.999801635742188,14,6,3. Educational tool-kits ,,,,,,,body
9.960000038146973,0,0.1569287418540007,0.7391850635258839,17,152,0.0,0,0,5,132.53599530927596,1.02831858511641,0,23.0374755859375,-5.999786376953125,14,7,"-guides to information gathering methodologies, in",,,,,,,body
9.960000038146973,0,0.156932045431698,0.8263225362758444,6,36,0.0277777777777777,1,0,4,122.73041286440971,1.0356506252116398,0,69.01287841796875,-6.001808166503906,14,8,"4. Journals, books, maps, music etc. ",,,,,,,body
8.588571412222725,1,0.1471251693426394,0.9229543666646938,12,77,0.1428571428571428,0,0,4,199.762356334258,0.8623063633863803,1,76.53240966796875,0.0,14,9,RFP: To Develop the Ontario Digital Library Busine,,,,,,,body
28.00721549987793,0,0.2055893816979102,0.0471838267162592,5,36,0.2222222222222222,0,0,4,237.5009732019637,2.245443842020922,0,0.0,-86.13866424560547,1,0,Parsippany -Troy Hills STEM Pathways,,,,,,,title
12.862285477774485,0,0.1312540839700137,0.1119876341386274,50,361,0.0221606648199446,1,0,4,184.26350023688207,0.7910802608104406,0,51.324615478515625,-34.91519927978516,1,1,Mission Statement:  To provide PTHSD high school s,,,,,,,body
15.308159828186035,0,0.3924488491482205,0.5532517481331873,2,15,0.9333333333333332,0,0,4,168.89262422343035,1.2499522927657245,0,186.67611694335935,80.59571838378906,1,2,PATHWAY OPTIONS,,,,,,,heading
15.310199737548828,0,0.1914710749208537,0.5905992141877762,2,15,0.9333333333333332,0,0,6,202.52245568939733,1.2329312922394913,0,29.57919311523437,-71.76799774169922,1,3,REGULAR PATHWAY,,,,,,,body
11.007583618164062,0,0.1221921085532194,0.6345782809787326,52,375,0.0533333333333333,0,0,4,196.7983694935361,0.8262624601384125,0,34.8314208984375,0.0,1,4,●,,,,,,,body
11.16124847957066,0,0.5241411994485294,0.5905992141877762,96,641,0.0811232449297972,1,0,4,278.0792295985533,0.8402198978532985,0,29.57919311523437,-281.0923767089844,1,5,DISTINCTION PATHWAY,,,,,,,body
14.011449813842772,0,0.0742031047546785,0.2306038634945648,1,6,0.1666666666666666,0,0,5,239.67962428381352,0.8845880394196575,0,93.94405364990234,71.76799774169922,1,6,Goals:,,,,,,,body
11.508949279785156,0,0.0676217297323389,0.2663747614080256,25,177,0.0056497175141242,1,0,5,174.9667562203083,0.7043412007277258,0,28.330551147460938,-1.7024612426757812,1,7,"• Inspire keen interest in mathematics, science, e",,,,,,,body
11.508949279785156,0,0.064839930316202,0.3175495802754103,76,548,0.0255474452554744,1,0,8,221.9658664595713,0.772561176800682,0,40.53045654296875,1.7024612426757812,1,8,• Expose students to potential career opportunitie,,,,,,,body
12.401399612426758,0,0.1001374035105322,0.6476013647235042,1,8,0.875,0,0,4,138.40203753268926,0.9388707889620896,0,0.0,0.7700004577636719,1,0,ADDRESS: ,,,,,,,body
11.114281245640344,0,0.1790820137894446,0.668246504317274,13,80,0.7,0,0,5,99.668452127583,0.770238130562362,0,14.16339111328125,35.39879608154297,1,1,TOPJUMP ,,,,,,,body
19.533597946166992,0,0.0904459561636024,0.7628299587574073,2,22,0.1818181818181818,0,0,5,74.52914426300806,1.532551062380703,0,64.88803100585938,64.29769706726074,1,2,RSVP: ----------------,,,,,,,body
7.207225322723389,0,0.1910740906760676,0.8100807832400466,7,43,0.8604651162790697,0,0,5,73.25740062474202,0.4738141705549489,0,32.41595458984375,31.48889923095703,1,3,CLOSED TOED SHOES ARE REQUIRED FOR CLIMBING ,,,,,,,body
14.98027926021152,0,0.1024990782669528,0.8335220775583517,24,138,0.782608695652174,1,0,5,89.44147004340556,1.096936467744488,0,16.0816650390625,60.367897033691406,1,4,"PARENTS OR GUARDIANS NOT ATTENDING THE PARTY, ",,,,,,,body
18.025842666625977,0,0.2876539532870653,0.9102963600166868,1,15,0.8666666666666667,0,0,4,94.06434119418624,1.364679605128044,0,52.67022705078125,0.0,1,5,WWW.TOPJUMP.COM ,,,,,,,body
